text,prediction,trueLabel
Domnilor Troli mergeți la Latrinele TV că încep jocurile video..Hai in sir indian..,INSULT,INSULT
Ionny Pella ce anume?,OTHER,OTHER
Ai să fii borbandat stai fara grijă......,ABUSE,OTHER
IOHANNIS SA PLECE LA LUPTA PENTRU UCRAINA !!!!,OTHER,OTHER
România NEUTRA!!!!!!!,OTHER,OTHER
AUR NISTE CURVE ORDINARE,ABUSE,ABUSE
Poporul român vrea neutralitate Poporul român vrea PACE,OTHER,OTHER
Sunt oameni proști și ăștia sunt cei mai periculoși mai ales dacă sunt învățați!,INSULT,INSULT
Satana a venit pe pamant sfint,PROFANITY,ABUSE
KAMALA CITESTE MESAJELE,OTHER,OTHER
"Terheș știe istorie,,dar bate câmpii,,,se minte singur",OTHER,OTHER
"Chemati romanii la arme, atunci sa vedeti voi foc de artificii la cwrwl vostru!",OTHER,PROFANITY
Vai de capul tau băgate in politică că ești bun la aburit lumea,INSULT,OTHER
"se bășeau prea mulți în grupul parlamentar, și dvs ați fost sacrificată . v-a dat afară nemernicii!",INSULT,INSULT
Trebuie să ieșim in stradă să dăm foc la guvern cu toți criminali in el jos Iohanis,OTHER,OTHER
Invitat securistul Diaconescu,OTHER,ABUSE
Marș bă lighioană târâtoare !!!!,ABUSE,ABUSE
"BĂGAȚI REFUGIAȚI IN CASE, IEȘIȚI VOI, RĂMÂN EI",OTHER,OTHER
Salutare oameni buni..,OTHER,OTHER
Esti un mare prost,INSULT,INSULT
"Vine și la noi războiul, și o sa înceapă în toată lumea ca și pandemia",OTHER,OTHER
Ei intra in stare de criza nu poporul roman! Vreau ei război sa între in prima linie !Li s- au urat de atâta bine ??? Dumnezeu este dragoste și noi ii iubim pe toți care sunt ptr pace!,OTHER,OTHER
SICTIR SATANELOR,ABUSE,ABUSE
Bunasaradelasocolaiasi,OTHER,OTHER
Ne conduc Trădătorii si doar Prețurile imense anunta. Fara Pensii Speciale.,OTHER,OTHER
La mulți ani doamna Diana!,OTHER,OTHER
",, În contextul în care Putin este un criminal, toți președinții americani de pana acum sunt criminali ! "" Cozmin Gușă",OTHER,OTHER
Mai dute dracului,ABUSE,ABUSE
Ele Simion este lăudabil că ajutați refugiații dar cred că de cam exagereaza Avem și noi amatorii noștri(boscetari bătrîni copii)și nu ii ajuta nimeniRominii nu merita ajutați?,OTHER,OTHER
Mulțumim și dumnivoastra sa la multi ani cu sănătate.,OTHER,OTHER
De cand si pana cand Romania e miza?...Terhes rescrie istoria ca sa dea bine cu SUA...pfff,OTHER,OTHER
Autoritatile...sunt o suma de tradatori,OTHER,OTHER
"Bravooooo,Diana Sosoaca",OTHER,OTHER
"ORDINE??!! MONDIALA??!!! PARCA IMI SUNT CUNOSCUTE CUVINTELE DE LA ,,PANDEMIE""....",OTHER,OTHER
A aparut coaie agent,OTHER,PROFANITY
DEMISIA hoților din guvern IOHANNIS ARAFAT CÂȚU ORBAN TOȚI HULIGANI NENOROCIȚI MAFIOȚI!,INSULT,INSULT
Cei care urmează să vă înrolați UNDE SUNTEȚI !!!!!,OTHER,OTHER
Scoatem covidul și îi dăm cu criza că vine Putin!.. Să nu se teme poporul că nu va fi război în Română ....atunci la ce dracu vă trebuie rezervisti bolnavi să vă apere curul ?,PROFANITY,PROFANITY
Ești proastă atunci,INSULT,INSULT
Simioane unde ești aduna poporul și declarați război criminalilor ce vor sa ne omoare,INSULT,OTHER
"Pace ,pace pace ,pace ,",OTHER,OTHER
Cum am ajuns sa fim depedenti de Rusia si Ucraina ?,OTHER,OTHER
Toate televiziunile sunt slugile lui slogoui de iohanis,ABUSE,ABUSE
"Arunc tv și închid netul. Nu e stress pentru mine. Am sute de cărți de citit , va fi mai greu pentru alții.",OTHER,OTHER
Traiasca comunismul,OTHER,OTHER
Ascultă comentează ando sandramaua,OTHER,OTHER
"Sa nuprocedeze ca in ani 44""",OTHER,OTHER
Analfabet esti tuuu! Avem dreptul la o opinie comunistule,ABUSE,ABUSE
Buna seara Romania tv,OTHER,OTHER
Asta este pandemie de razboi sa urce preturile asta vor huligani,INSULT,INSULT
Pace și neutralitate!,OTHER,OTHER
Cine îl vorbește de råu pe George Simion decât PNL PSD Usr āștia care au furat la greu Țară și o furá în continuare nu vá lásați aur jos șacali criminali care ne-au alungat din Țará.,ABUSE,OTHER
"Ai dreptate Diana … așa este toți prosti , incompetenți … idioți",INSULT,INSULT
"Numai frustratii comenteaza pe aici . Nu au fost in stare sa faca nimic cu viata lor , niste boschetari, si fac propaganda pe aici ca nu au alt servici",INSULT,ABUSE
Doamne ajută amin,OTHER,OTHER
Ești jalnic Terhes,INSULT,OTHER
CEI CARE AU ÎMPINS TOT TIMPUL RUSIA LA RĂZBOAIE SUNT CEI CARE AU CONDUS CELE MAI MARI BĂNCI ALE LUMI,OTHER,OTHER
Adevărat aveți dreptate Iohannis și Arafat demisia am ajuns străinii in țara noastră România!,OTHER,OTHER
Criminali am fost și de Crăciun.Toata lumea S-a bucurat de o crima,OTHER,OTHER
Sa accepte la dracu ce le cere Putin ca să fie pace,PROFANITY,PROFANITY
Suntem cur gol înaintea sărăciei.,ABUSE,INSULT
"Americanii seamănă război peste tot, au băgat bățul prin gard ,la ruși,folosindu-se de Ucraina",OTHER,OTHER
"DUTE MĂ DRACULUI TERHES, CINE TE PREGĂTIT AMERICANI,ȘI EUROPENI",ABUSE,ABUSE
Aparare 0% pana in Franta,OTHER,OTHER
"Cand esti prost ,faci ce ti zic altii.",INSULT,INSULT
Idioți sunteți voi Și toți prosti care cred în Propaganda voastră.,INSULT,INSULT
Ce ascunde recensământul ce se va face acum?? Ce se mai pune la cale?,OTHER,OTHER
"Stefan Alina maaata, sunt gen masculin proasto",INSULT,ABUSE
D. Le Chiriac mintiti pe multi bani,OTHER,OTHER
"Ieși tu de aici, și uită-te la tembelizor că ăia toți,sunt experți în răzbel!",INSULT,INSULT
"O vedeti pe cea ce a organizat pe teren in ucraina evenimentele din 2014 ,de atunci pana azi au murit 13 000 de ucrainieni….",OTHER,OTHER
De acord cu dl Aurelian!,OTHER,OTHER
"Hai sa plătim 3% din PIB, și sa mergem și carne de tun… frumos…",OTHER,OTHER
Băi hai sa ne unim și sa fugărim toți cretinii sa ne luam țara in mâni,INSULT,INSULT
Omicron este johani si delta Harafat arunca jigodile Criminali .,ABUSE,ABUSE
USA e jucat pe doua fronturi și în al doilea război mondial!,OTHER,OTHER
Marș criminalilor,OTHER,INSULT
UE si S U A doua curve care au trasformat lumea intr un calvar,ABUSE,ABUSE
"intrati pe presa ucrainiana din 27 aprilie 2020,scandal monstruos si va cruciti cate tari excomuniste au laboratoare,RO nu este pe lista insa este Moldova,Georgia,Arzeibagean samd...",OTHER,OTHER
M-a taci dracu ca toți sunt intelesi,ABUSE,PROFANITY
Cine să se ocupe ei își pregătesc buncărele lași!,OTHER,OTHER
"Da lu Camala i se vede mărul lui Adam, e și bărbat și femeie",INSULT,OTHER
Lasca Mihai stima !,OTHER,OTHER
Hărți Ne-o Doarme Mosuuu sub umbrar Sforăie că un bondar!!!!,OTHER,OTHER
"Nu mai invita pe altii, Luis, ca in centru trebuie sa fie doar unul....",OTHER,OTHER
Păi dacă îi susții pe Ucrainieni...normal că urmăm noi!!!! Muie Terheș,INSULT,ABUSE
"si eu tot asa ma găndesc că o să fie,o sa fie cam nașpa.",OTHER,OTHER
Terhes și-a mâncat cinstea ...chiar nu voi viziona această emisiune.,OTHER,OTHER
"Idiotilor, care nu pricepeti, tara va fi bombardata! Bucuresti va fi ras de pe fata pamantului! Treziti-va!",INSULT,INSULT
Viruși Sint în parlament!,OTHER,OTHER
Respect domnule profesor.Avem atitia savanti si intelectuali care sint efectiv acoperiti de oameni sistemului mediocru,OTHER,OTHER
Dute dracu faaa matahala.Esti respinsa peste tit,ABUSE,ABUSE
"PACE,PACE PACE...",OTHER,OTHER
Da de Iohanis nu ziceți nimic a nu știe ici sa vorbească romaneste,OTHER,OTHER
Mars actor grabit ca ai combinat lucruri sfasiitoare,OTHER,INSULT
Myryam Myryam aceiași întrebare mi-am pus-o și eu! Cum e posibil ca el să nu fie informat? De aici încrederea în el a scăzut,OTHER,OTHER
MAI OAMENI BUNI VOI NU VEDEȚI CĂ VINE SĂI MAI CEARĂ CEVA LA IOHA IAR TU CHIRIAC EȘT UN IPOCRIT CARE VORBESTI NUMA DEA VRAJBA .,INSULT,INSULT
Terhes e omul americanilor,OTHER,OTHER
SEARA BUNA PATRIA!,OTHER,OTHER
spune și de BLM!!,OTHER,OTHER
Bai prostilor vreti rozboi?iesiti toti bai,INSULT,INSULT
"Alo, Putin unde sti?))",OTHER,OTHER
Esti un tradator,OTHER,OTHER
"Stefan Cristian ,vorbește frumos ,nenea ,sau ești în târg cu precupețele!",INSULT,OTHER
Om prost feritiva,INSULT,INSULT
Dumnezeu nu va lasa poporul roman,OTHER,OTHER
Mai bine sarac și plin de vise decât bogat și mort egal cu zero,OTHER,OTHER
"De ce este interzis , putinistilor ???Mergeți în Rusis nu mai ranjiti la tv...slugi rusofile",ABUSE,ABUSE
Doamne ai mila Isuse,OTHER,OTHER
Plina lumea de prosti inteligenti!,INSULT,INSULT
România treziți-vă,OTHER,OTHER
Caut și eu o jumilta să fuge cu mine an lume,ABUSE,OTHER
Fufe pe sticlă marș idioatelor mmarile analiste de 8 ani din 2014 cite crime au facut ukraini ați tăcut ordinarilor huooo,ABUSE,ABUSE
Au venit distrugatorii lumii,OTHER,OTHER
Rica Vali simbolul ochiul îl au si masonii ocultei..,OTHER,OTHER
Primi care o să moară în Romania in caz de război vor fi politicieni o să vadă bătaia de joc ce au pus-o pe popor,OTHER,OTHER
Asta ti spune ca nu e vina americanilor ca romanu' politician e o carpa,ABUSE,ABUSE
"Nu ne trebuie război,? Ucraina nu ne privește, e conflictul lor! Nu avem obligații, aia nu sunt nici parte NATO nici parte UE! Daca eram noi in locul lor ucrainenii urinau pe noi!",OTHER,OTHER
Pai trebuie sa Oprească Războiul și inventează valul 6. Oare va mai pune Omenirea Botul la asta???!!!,OTHER,OTHER
Felicitări la amândoi!,OTHER,OTHER
"Chitic,a spus tot...pe mincinosul ăsta,nu vreau sa-l aud..n.b.",OTHER,OTHER
"Marcela Caba Stai bine , vine francezul ( alt tiran )",OTHER,OTHER
Lucian Harangus tu esti un idiot.,INSULT,INSULT
"Dl.Terhes , trebuia sa fim neutri ! Dvs descrieti istoria asa cum va convine dvs !",OTHER,OTHER
Facebookul de ce nu blochează aceste emisi care incită la ură dacă eu vorbesc ce nu-mi convine mă blochează numai de cât.,OTHER,OTHER
"Doamne .. D .Prof Colceag ! D.Manega ! Și un alt Domn. .! Doamna Șoșoaca .....văi doamne ce minunați Oameni ai României aici ,!",OTHER,OTHER
Fără război cămilă americană!,OTHER,OTHER
Sub c motiv a venit,OTHER,OTHER
Da eu nici nu urmăresc CNN nu mai e credibil nici un post....nici nu sti ce sa mai crezi.,OTHER,OTHER
Bună seara Putin sa fie dracul spânzurat sa nu mai moară oameni nevinovați și copii sa mai sufere .,OTHER,ABUSE
Se apropie sfirsitul... Dumnezeu îngăduie totul.,OTHER,OTHER
Pizde de 2 bani care mananca cacat la RTV!!! Si ele se numesc jurnaliste,ABUSE,ABUSE
O să beliți voi p... Fără NATO dacă tot comentați aiurea,INSULT,ABUSE
Vrem NEUTRALITATE !!!!!,OTHER,OTHER
"Tăntălică, marș pe Tiktok, analfabetule!",ABUSE,INSULT
Dr CĂLIN GEORGESCU Președinte al României !!!!,OTHER,OTHER
"Vrem ca Romania sa fie neutrá. Vrem pace si liniste, nu razboi.",OTHER,OTHER
Țurcan mai bine se trezea moartă!!!,OTHER,ABUSE
La puscărie toți jegosi din parlament și confiscare totală a averilor !,ABUSE,ABUSE
"La multi ani cu sanatate, pace , liniste, zile senine si bucurii",OTHER,OTHER
Deci trebuie menținută libertatea presei orice-ar fi,OTHER,OTHER
Jos masca jarmarderie prostă ..,INSULT,INSULT
Dativa in balamuc da oameni nebuni,INSULT,ABUSE
"Ce a facut U. E ptr Romani, Maghiari, Ucranieni? Etc? De ce nu este moneda Euro si salariile le avem in Lei, Forinti? Nu ei nu ne folosesc!!!",OTHER,OTHER
PESD niște jigodi,ABUSE,ABUSE
"Frate drag, l'u Maia Sandu , poate sa-i dea Putin si muie !",ABUSE,ABUSE
Ia uite ce e aici o gramada de lingai a lui Lazarius,INSULT,INSULT
Mama nu mai e iao tu cu mata,ABUSE,ABUSE
Felicitări Mihai Lasca !,OTHER,OTHER
"Roman Din Elena Carmen, Nu va spune nimeni , nimic ! Totul se face pe ascuns, dar nu se știe ce soartă va avea nazistul criminal împreună cu Arafat.",OTHER,ABUSE
Mercenarii din Ucraina au ucis acei copii rusi si nimeni nu a comentat nimic.,OTHER,OTHER
Cum nu avem? Miturile cu care ne mor piloți,OTHER,OTHER
Nu stiti nimic cunosti sistemul unei arme,OTHER,OTHER
Ne vor distruge în continuare,OTHER,OTHER
VREAU SA VEDEM SI AURUL UNDE E?,OTHER,OTHER
Stima si respect pentru dvs domnilor Terhes si Lazarus,OTHER,OTHER
Sa te arda focurile iadului Putin.,OTHER,ABUSE
Pupați picioarele slugilor,ABUSE,ABUSE
Patriotii din AUR ??,OTHER,OTHER
Lili Ruse ești un om de doi lei ! Nu mă așteptam !,INSULT,OTHER
"Mai, Puțoiule, te-ai infiltrat unde nu trebuie!",ABUSE,INSULT
"Sper sa vina rusu să vă bage o bomba in cur, atât la borâta aia cât și măscăriciului nostru de la conducere !",ABUSE,ABUSE
"NIMENI NU NE POATE INJECTA CU FORȚA CA LE DĂM IN CAP CU TOPORUL, CE MAI VREI",OTHER,OTHER
"STAU CA ȘOBOLANII, JIGODIILE",ABUSE,ABUSE
Ce facultate ai boule,INSULT,INSULT
Opriți sataniști închideți porțile romîniei,ABUSE,ABUSE
Bravo Diana ! Dumnezeu sa iti ajute,OTHER,OTHER
Da mă lasă că venim în armată sau vapor în vouă averile Noi nu avem ce pierde noi Noi suntem la oameni necăjiți venim să vă apărăm Jo averile și mergeți voi și omorât,OTHER,OTHER
Benefic e RO EXIT din UE și NATO!!!,OTHER,OTHER
"fix pula,astia de la aur vor sa manipuleze si ei ceva,credeti in ce vreti asa am fost fututi ani de a rindul depapagali..",ABUSE,ABUSE
Huuooo Satanelor,ABUSE,ABUSE
"IESITI DRAGI ROMANI IN STRADA! PT VOI, PT NOI, PT COPIII SI NEPOTII NOSTRI!",OTHER,OTHER
Huuuuuuooooo criminalilor,OTHER,OTHER
NEAMTU ESTE UN MINCINOS,OTHER,OTHER
S-a încălțat cu tocuri în avion...,OTHER,OTHER
Asculta mai Mircea daca nu îți place nu te uita și critica ești un prost și un nimeni,INSULT,INSULT
"DOMNULE NEMTUUUU DATINE O DOVADA PALPABILA , APROPO MAI GINDITIVA .",OTHER,OTHER
"Cine garantează că români nu se dau cu ruși , după câte au pățit",OTHER,OTHER
Alo jandarmeria ducetiva la lupta la razboi nu stati si paziti luumea la cur nesimtitilo,INSULT,PROFANITY
Inchideti si deschideti,OTHER,OTHER
Ești un jeg chiloțarule,ABUSE,ABUSE
Români sunt proști înțelege..sunt puțini cu coi...in pantaloni,INSULT,INSULT
Ce limbă străină ști fututi muia Demisie gunoiule,ABUSE,ABUSE
"Da u dc stai in casa si nu ajuti,sau facut atatea proteste ,u faci cv",OTHER,OTHER
Claudiu paraschiv ati place armat dc vb urat mancatear pamantu,INSULT,ABUSE
"Neamțu, asta-i prost rău:)",INSULT,INSULT
Luptăm și noi dar tu cu 100 de metri înaintea noastră să nu dea dracu să fugi,PROFANITY,PROFANITY
cu drepturile omului pe pandemie ai mers bine acum a inceput sa scheoapete,OTHER,OTHER
Români PROSTI Din Naștere vor Război vor sa își omoare copiii,INSULT,INSULT
"Mihai Neamtu un globalist care manìnca cacat ,omul lui Basescu",INSULT,INSULT
"Giovanna Udrea nu cred ca se poate asa ceva,acele tv care sunt obligate mai bine sa inchida tv daca au coloana.Tata mafiota!",INSULT,INSULT
MAI GEORGE VINE DICTATURA MILITARA! AI AFLAT??,OTHER,OTHER
"Nu ne bagati in razboi,nui razboiul nostru ,vrem pace in Romamia .",OTHER,OTHER
Eu nu cred acest Război atîtea și atîtea manipulări grosolane atîția satanisti care vor răul popoarelor la Pușcărie nu mai se duc nenorociții ăștia,INSULT,ABUSE
NE SCOATE DIN COVIT PTR .RAZBOI RUSINE,OTHER,OTHER
Respect Luis și Cristian,OTHER,OTHER
Noi nu ne dorim război!! Să rămână neutră România!! Vrem Pace pace pace pe pământ!,OTHER,OTHER
Buca Grigoras Grigoras acum patru rahați alterați!,INSULT,INSULT
Fiți serios din aer multe industrie pînă ce nu se poate crea.,OTHER,OTHER
Asa vacin obligatoriu si masca la astia sosochisti si simionisti 2 randuri de masca sa nu amprastiati prostia,INSULT,INSULT
Nu e din vina Aur la ce se întâmpla ?ma Mir ca nu dați vina pe ei,OTHER,OTHER
Ce varza e cucu,INSULT,INSULT
TERHES DUTE NANI TE TREZEȘTI BEI UN CEAI DE TEI ÎȚI REVII,OTHER,OTHER
"Silviu Eusebiu Hogas Ce fumezi, saracie?!",OTHER,ABUSE
Numai prosti vorbesti nu iesti tu in masura dute acasa LA oale,INSULT,OTHER
Ce nenorocit si lincau esti Chiriac.,INSULT,INSULT
Aşa este foarte adevarat aveti mare dreptate. Dumnezeu este mare şi sfânt pentru noi.,OTHER,OTHER
Sacrificiul nostru este pacea lumii. Haideti sa facem sacrificiu cerand pace prin rugaciune si nu prin sangele nostru.,OTHER,OTHER
"Oameni au dreptate nu este problema noastră ce face Rusia , mesajul nostru este să fim neutri ,neutri domnilor și relația de prietenie cu Rusia",OTHER,OTHER
Aia au inceputo cu ciocanele si nici decum cu pustile mai Terhes,OTHER,OTHER
"Tu cu cine ești ? El nu vrea NATO Nu vrea să se protisueze alegeri Bidon....yu ești handicapat ce a făcut america , în toată planeta",INSULT,INSULT
AUGURI ANGELO GIOGIANI,OTHER,OTHER
Chiar nu-l oprește nimeni pe gibonu' ăsta!,INSULT,INSULT
Jos cu hoti criminali tradatori jos Iohanis si cu slugele lui,ABUSE,ABUSE
Buna ziua tuturor,OTHER,OTHER
FRICA DE DUMNEZEU SA FIE MAI MARE CA FRICA DE OAMENI,OTHER,OTHER
Americanii sunt vinovati,OTHER,OTHER
Ciutacule...hai ce dracu ca adormim...vb.dracu cai verzi pe pereti,PROFANITY,PROFANITY
Totul pleca de la americani sa ajungă la putere dezbina Europa tot,OTHER,OTHER
Poliția rusească și jandarmeria rusească este în România pustule morții în gură luptăm până la sânge Iași băgat un război futut vor rasa în gură,ABUSE,ABUSE
Bravo felicitări și Respect,OTHER,OTHER
Va fi razboiul stelelor,OTHER,OTHER
Ești mic dar ai mare manipulare,INSULT,OTHER
"Cine dracu credeti BĂ ca vine sa fie carne de tun,nebunilor",PROFANITY,PROFANITY
"Mor cu ei de gat, sa mi ia casa pt care am făcut foamea 30 de ani, plătind rate",OTHER,OTHER
Lingåtori de cururi americane...,ABUSE,INSULT
Felicitări și respect pt ce faceți!,OTHER,OTHER
RUSI nu ataca in val si in strategic stike.....,OTHER,OTHER
Generali care habar nu au nici măcar cu ce se mănâncă un război ăștia sa îmi dea ordine poate glumiți o săi trimitem pe lumea cealaltă pentru tot deauna.,OTHER,OTHER
PACE PACE PACE!!!!,OTHER,OTHER
"Cine ne-a bagat pe gat armamentul, domnule Terhes?",OTHER,OTHER
În china tot cu finanțare Americană.,OTHER,OTHER
Încetează Răzvboiu Începe pandemiea! Noi toți tot o să fim controlați!așa se întâmplă,OTHER,OTHER
"Domnule Ionel Duţā eu cred cā sunteți unu dintre cei dintre PNL,PSD , UDMR, USR etc duceţivā şi staţi cu ei şi nu mai vorbiți de rāu pe nimeni,vā va judeca Dumnezeu...",OTHER,OTHER
Slugilor... Lingailor. Vindutilor. Dumnezeu sa va aiba in grija... Dupa faptele voastre....,ABUSE,ABUSE
Nu rade bosorogule ca noi avem viata inainte probabil si copii tai urmareste cu atentie ce se intampla in lume nu mai manca cacat idiot batran,INSULT,INSULT
Candidatul vostru e Codruta ?,OTHER,OTHER
Cine e Tump ?! un ștrumf ? Nu...e o marionetă.,OTHER,OTHER
Werner e vinovat,OTHER,OTHER
Suntem sacrificați și nu luam atitudine!,OTHER,OTHER
Pace România!!!!!!,OTHER,OTHER
Atenție la instigatori,OTHER,OTHER
Sa crape iohanis care are creierul topit,INSULT,ABUSE
Huuuuuooooo nenorociților ce cauta asta în tara noastră?,INSULT,INSULT
Doamne ajuta amin,OTHER,OTHER
Doar prostii va înjură o persoana inteligentă ar trebui să-și pună semne de întrebare,INSULT,INSULT
Taci maimuțoi Proamerican satanist ce ești.,ABUSE,ABUSE
Natalia Gyk Bacyu morți mă ti,ABUSE,ABUSE
Nu înteleg cum de militarii se mai urca în toate vechiturile...romania este carpa europei,OTHER,ABUSE
NATO ESTE O CURVA CRIMINALA SATANICA,ABUSE,ABUSE
...demni de laude putiniste...idioti... .,INSULT,INSULT
"Du-te de aici, rebut uman, tu, slugă a occidentului, zici de AUR că este sluga rușilor. Arunci cu căcat, în vreme ce tu ești corupt",ABUSE,ABUSE
Vai de noi caterinca ați dus discursul în altă direcție.,OTHER,OTHER
Traiasca rominia libera si tara noastra romina,ABUSE,OTHER
Ce dracu să facă cu ea?,PROFANITY,PROFANITY
"Insula șerpilor se afla la 22 de mile distanta de România. Dacă rusi ocupă insula șerpilor care aparține România atunci România, NATO, UE va întra în război.",OTHER,OTHER
Cred ca au citit coment la postări,OTHER,OTHER
"Cu siguranță, ne-am săturat",OTHER,OTHER
D-nul europarlamentar a abandonat lupta pentru desecretizarea contractului încheiat De UE și fima Pfeizer pt vaccin?,OTHER,OTHER
Nu vrem dictatură militară. Vrem pace !,OTHER,OTHER
"Să meargă jandarmi la război,că știu să de-a cu spray, ei au inimă de draci in ei,că băteau și bătrâni",OTHER,ABUSE
Numai prosti la putere și proști,INSULT,INSULT
HHHHUUUUOOOOOOOOOAAAAAAAAAAA !,OTHER,OTHER
Du-te mă in pula mea de hemoroid ce ești!,ABUSE,ABUSE
"marș la voi acasă căcați cu ochi fără de țară. Mergeți la visul american, că aveți numai cretini pe acolo.........",INSULT,INSULT
I au picat gradele!!! Ha ha!;! Cu steagul lui de 3 metrii!!,OTHER,OTHER
Vb ca o mahalagioaica,ABUSE,ABUSE
"""Interesul Poartă Fesul "" ...Au și ""un de ce "" să iubească România...",OTHER,OTHER
spune de laboratoare...,OTHER,OTHER
Myryam Myryam cum făceau? Semnul carei oculte ?,OTHER,OTHER
Bah voi nu vedeti ce hal de patriot ! Hai la barfa dao draq de politica!,ABUSE,PROFANITY
Taci dracu nenoricitule. A venit sa ne bage în balamuc.,ABUSE,INSULT
"Marin Ilie Nu , au logan cu motor de 900 ,euro 6 să nu polueze.",OTHER,OTHER
Tre sa fiti multi si curajosi Pentru revolutie.voi Sunteti niste oi proaste!,INSULT,INSULT
Asta vrea America și de la Ucraina,OTHER,OTHER
La alegeri se bateau Taranisti cu Liberali ......in pragul alegerilor de rupeau toate gardurile,OTHER,OTHER
Cămila acasă peste ocean,OTHER,OTHER
"Ce sa spune , 8 martie, sictir! Vreti razboi, criminalilor!!!!!!",OTHER,INSULT
Forta Aur te iubim restul partidelor sunt un mare cacat,INSULT,INSULT
BĂ GUNOAIELOR SĂ VĂ INTRE BINE ÎN CAP POPORUL ROMAN VREA NEUTRALITATE ÎN CONFLICTUL DIN UKRAINA. ACEST RĂZBOI NU ESTE AL NOSTRU ȘI NU AVEM CE CĂUTA ÎN EL.,ABUSE,ABUSE
Au început să bruieze transmisia gunoaiele din securitate,ABUSE,ABUSE
În wuhan sunt sponsorizări cu fonduri federale,OTHER,OTHER
"Dar de rachetele numite ,, SATAN ,, A-ti auzit ???",OTHER,ABUSE
Mai fraților știți de unde vine arătat,OTHER,OTHER
"si daca spui ca rusii ne-au luat teritoriile de ce dreaq vb aiurea? ai rabdare ca suntem pozitionati bine ,si se v-or schimba multe ....chiar si atitudinea europei fata de ungaria .....",OTHER,PROFANITY
Marș în America gunoaielor!,ABUSE,ABUSE
Cel mai iubit dintre pământeni ; Luis Lazarius !,OTHER,OTHER
ANUNȚ IMPORTANT PENTRU TINERI SĂ PĂRĂSEASCĂ ȚARA,OTHER,OTHER
Avem neamuri la sârbi știm adevărul,OTHER,OTHER
România este în metastaza,OTHER,OTHER
Nenorocitu de maciuca,INSULT,INSULT
Sunteți an direct,OTHER,OTHER
Super noi murim de foame,OTHER,OTHER
A venit dupa Zelensky,OTHER,OTHER
De ce dracu nu va duceti voi la rusi sa scapam de toate mizerile din tarã?,ABUSE,ABUSE
Urmam pe dracu noi. Manipulare.,PROFANITY,PROFANITY
"Lazaruse, nu am mai auzit nimic de papagalul ala de Semion si maimuta aia urlatoare Sosonela, ce se intampla cu ei?! Nu au audienta gata la razboi nu se mai pricep?! :))",INSULT,INSULT
Huoooooo IMBOTNITATILOOOR!!! JOS MIZERIA DIN POLIȚIA ROMANA,ABUSE,ABUSE
Alegeri anticipate votați Aur,OTHER,OTHER
Vin extratereștri annunaki,OTHER,OTHER
Adu-l intr-un live pe Iurie Rosca sa audă și românii adevarul despre război.........plandemie.....vorbește omul fără frica și zău ca știe ce vorbește......,OTHER,OTHER
A venit Satana să ne spurce pământul țării!,ABUSE,ABUSE
"Marș Terhes, cameleon mizerabil !!!",ABUSE,ABUSE
"Romania este in nato. Putin nu ar ataca Romania niciodată pentru că știe ce va urma , așa cum spuneți dmv ar deschide cutia Pandora",OTHER,OTHER
Niciodată nu vom lupta pentru Ucraina!!! !!!,OTHER,OTHER
E diferită situația de acum cu Azov,OTHER,OTHER
Ce dracu caută leprele alea de jandarmi lîngă voi de ce nu sunt cu voi,ABUSE,ABUSE
Chiriac Şi totii NİSTE BOİ BALTİİ,OTHER,INSULT
Stefan Asavinei mare dobitoc mai ești,INSULT,INSULT
Sti ca te-ai născut cu un singur neuron și ala putred?saracule dute ma și rineste la vaci!,ABUSE,ABUSE
Ai sa iti iei pule in cur de la rusi javra ordinara,ABUSE,ABUSE
Se auzea perfect,OTHER,OTHER
NEUTRALITATEA ESTE NECESARĂ PENTRU ROMANIA .,OTHER,OTHER
"Romania Crestina E neutra fata de orice confruntare in orice razboi , Steagul nostru e Isus Hristos cu Invatatura Lui , cu Poruncile si Legile Sfinte , Dumnezeiesti , amin!",OTHER,OTHER
Massoni au invadat Romania …..,OTHER,OTHER
Ro exit..! Si Ungaria si Polonia vor iesi din troaca porcilor..!,INSULT,INSULT
Sa meargă Președintele țării cu ai lui sa lupte in prima linie. Noi nu vrem război. Nu i razboiul nostru.,OTHER,OTHER
TERHES TU VEZITI DE TREABA TA VEZITI DE UE NU DA SFATURI ROMANILOR ȘI NU PROVOCA RUSIA. CA NU PRINZI TU RACHETELE ȘI TE JOCI FOTBAL CU AMERICANII,OTHER,OTHER
AU CĂZUT SATELITUL LUI MUSK,OTHER,OTHER
Asta vor sa faca si acum. Atentie marita!,OTHER,OTHER
"Myryam Myryam știm de mult asta, americanii sunt in spatele falsei pandemii si in spatele asa zisului război...!!!",OTHER,OTHER
Problema este de ce vrea America să ne bage în război fiind conștientă că va fi cel de-al treilea război mondial.,OTHER,OTHER
Sa lauti pe aia care au pensii SPECIALE .PE ARAFAT..SE PRICEPE .,INSULT,OTHER
Altceva mai stii panaramă,OTHER,ABUSE
Toti sunt pupin curisti.,INSULT,INSULT
"Alina Macsim, El e ardelean, nu e grec, e de confesiune greco-catolică, adică e un popă papistaș dpdv administrativ-canonic, deși în biserica lor oficiază o liturghie aparent ortodoxă.",OTHER,OTHER
Rușine Neamțu cine dracu mai e și asta ??,PROFANITY,PROFANITY
Rușii vor capitularea lui Zelenschi,OTHER,OTHER
Domnul sa-i binecuvinteze,OTHER,OTHER
Numai astepteptam ca alți sa lupte pentru noi,OTHER,OTHER
"Prostituatilor care comentati Aiurea aici,va vizitez Prostilor",INSULT,INSULT
Deschideti tot ce ati inchis...,OTHER,OTHER
Dute dracu teină cu propaganda,ABUSE,ABUSE
Asta duce lipsă de mă.ciucă!,ABUSE,ABUSE
"CHIRIAC ȘI RADU TUDOR, BAT CÎMPII UMĂR LA UMĂR. Dar nu ne credeți proști ,că nu suntem și lăsați propaganda că nu prinde",OTHER,OTHER
"Nea ciutacule mai schimba frate invitați că depieleanu si de gelu vișan vomita lumea de scârba lor, sânt atotștiitori",ABUSE,ABUSE
Mă ciolacule da numai gunoaie securiști bulangii găsești să aduci în emisiunea ta,ABUSE,ABUSE
La Mulți Ani Doamna Senator,OTHER,OTHER
"Terheș lasă-ne cu inepțiile, devii penibil!",ABUSE,OTHER
"Marș la al 4 Lea vaccin..., normalule , vouă ăstora va da și bon de masă.",INSULT,INSULT
Mănânci cacat uitate afara și belești ochii! E ora16 este lumina afara.,INSULT,INSULT
MIHĂIȚĂ ÎȘI IA ORDINELE DE LA ȘEFII DE LA LUME,OTHER,OTHER
"Și Ucraina la fel de dușmană României, Dl. Terhes. Fiți obiectiv",OTHER,OTHER
DACĂ. ACCEPTA. IAR. ROMANIA. MASCKARADA. ASTA. IAR ...SĂNTEM. PROȘTI. RĂUUUUUUU.... NUMAI. ACCEPTĂM. MASCKARADEEEEE,OTHER,INSULT
Si mai vrea hotu de iohanis sa mai meargă români sa lupte pentru ei hoți dracului,ABUSE,ABUSE
Stimata doamna Diana saaveti o zi binecuvîntata de Domnul Isus Hristos sunteți o doamna curajoasă,OTHER,OTHER
Felicitări români patrioți adevărați Jos sataniști huligani interlopi din guvern!,ABUSE,ABUSE
LA PUSCARIE TRADATORII SI VINZATORII DE TARA,OTHER,OTHER
Va dați seama dacă Iohanis cacatu pizdi a ajuns sa al amenințe pe Puțin in ce hal am ajuns,ABUSE,INSULT
"Americani l,au procvocat pe putin ,,de ce s,au anfiintat an jurul rusiei si vor si ucraina de ce ? Vor sa atace rusia (AMERICA = BALAURUL DIN BIBLIE )",OTHER,OTHER
CRIZÃ VOR CRIZÃ LE DÃM@,OTHER,OTHER
Jos PSD … ati trădat și voi !!,OTHER,OTHER
Ce au mai rămas în armata noastră? Niște basinosi?,INSULT,INSULT
Ce proasta e asta care vb ..zici ca are și prune în gura ...,INSULT,INSULT
Doar lingăi americanilor,INSULT,INSULT
Numai sânt. Ro.. proști ... Gata. Masckaradele,INSULT,INSULT
Nato e organizație criminala,OTHER,OTHER
Dute țigane și te spanzura,ABUSE,ABUSE
Golanilor! televiziunea curului!!!,INSULT,INSULT
Ai fumat ceva? Împușcă te,OTHER,ABUSE
Să vedeți războiul dracu după ce pleacă asta di România,OTHER,PROFANITY
"Păi ca și creștini ortodocși nici nu avem voie să omorâm oameni din câte știu, indiferent sub ce titlu, apărare etc.",OTHER,OTHER
Meriți Presedinte Diana,OTHER,OTHER
Ne distruge Iohanis,OTHER,OTHER
Iohanis satanistule,ABUSE,ABUSE
S-a blocat tot Bucureștiul din acest motiv!!!!Rusine!!!!!,OTHER,OTHER
"A venit zeița americană să prezinte foaia de drum ptr România, și binenteles că dulapul de la Sibiu cu România normală și educată se va conforma întocmai, doar suntem colonie doar!",OTHER,OTHER
Sclavilor … o sa va para rău ca ii pupați in cur pe guvernanți . Milițienii sunt cancerul țării,INSULT,ABUSE
Ba laso dracului chear tu esti un globalist bine instruit,ABUSE,PROFANITY
Războiul e aproape țineți-vă bine pregătiți vă să mergeți la luptă oameni buni cu voia voastră și fără voia voastră,OTHER,OTHER
SPUNE MI CEVA NOU,OTHER,OTHER
Sănătate d-na Diana și putere să vă de-a Dumnezeu să faceți tot ce va-ți propus! Doamne ajută! Vă iubim!,OTHER,OTHER
Ajuta NATO la greu,OTHER,OTHER
"Mult respect ,doamna!",OTHER,OTHER
O sa va fure ROSIA MONTANA MARE GRIJA,OTHER,OTHER
"Doamne ferește să vedem o așa javră să fie la putere, Jigodia Câţu eu vin și-l distrug pe fraier........",ABUSE,ABUSE
Ce parere aveti de formularele de recensamant?,OTHER,OTHER
"Această emisiune :---""URZIREA TRONURILOR -"""" Crețuleasco ești deplasată grav",OTHER,OTHER
Myryam Myryam nu fi prost,INSULT,OTHER
Respect domnule Chitic,OTHER,OTHER
"Unde a disparut analfabetul jegos Simion? Nu mai e pandemie, s a scumpit carburantii nu mai sint prostii si puturosii cu puturosul asta?",ABUSE,ABUSE
"Ar fi bine dv poate știți mai bine ,dar uite ce spune Luis Acu nu știu ce să mai cred ,mă refer la China",OTHER,OTHER
Acum urmeaza o alta prostie nu o alta pandemie...pandemia sunteti voi care va doriti pandemie ..huuuu.sa al ia dracu si pe Critian .....popa prostu,ABUSE,ABUSE
Mā rog zi si noapte la Bunul Dumnezau si Maica Sfantā sā vā protejeze zi si noapte si nu numai sā vā ajute la curātat grādina Māici Sfinte de toti ghimpi si târâturi trādātoare,PROFANITY,ABUSE
"Nu era foame , nu mai minti",OTHER,OTHER
"De americani, ce spune dom părinte?",OTHER,OTHER
Terhes sunt dezamagit de tine!!!! Esti un porc si un criminal!,ABUSE,INSULT
Vrem neutralitate!,OTHER,OTHER
Putin e evreu și asta conteaza,OTHER,OTHER
Jos trădători neamului..jos fascismul de Iohanis.,ABUSE,ABUSE
"Ciucă ,la pușcărie !",OTHER,OTHER
Va bruiază cu netul jmeecherii.,ABUSE,OTHER
Șosocarilor? Unde sunteți?,ABUSE,OTHER
Americani ne trebuie..,OTHER,OTHER
"Madam Lili Ruse, e cu gura plina...",OTHER,OTHER
"Octavia Jovanovic sa va dea Putin bombe ar fi bine, vati batut joc de Ukraina voi cu NATO al vostru si acum va temeti de Putin, nenorociti",INSULT,INSULT
"Ce spuneţi religia Ortodoxã Româneascã, Va avea de pierdut sau Nu!?!",OTHER,OTHER
Mars dreacu ca ne-ați furat tot și ați scumpit tot,ABUSE,ABUSE
Mai au pină ajung,OTHER,OTHER
Moderatorii arestati,OTHER,OTHER
Maine 30 de handicapati tipa la Cotroceni!,INSULT,INSULT
Dacă pui mesajele astea la un calculator quantic se strică inainte sa ajunga la un rezultat,OTHER,OTHER
Ia-o in gură..strânge o bine.,OTHER,ABUSE
Medalia de prost,OTHER,INSULT
Umblă prin piețe și mituiește bieții țărani și bătrâni ca să îi ademenească de partea lui.,OTHER,OTHER
Ăni final luis cum arămas dela cie vristă vriau săle iala armată că suntem ani afară și săștim pînă la chți ani leia la armată,OTHER,OTHER
In Spania se aude acceptabil dom ul avocat,OTHER,OTHER
Ducețiva dracu la Moscova!!,ABUSE,PROFANITY
Dureri. De. Cap. Aveti,OTHER,OTHER
Minciuni peste minciuni !!!!,OTHER,OTHER
Draciii în loc sa tina cu lumea,OTHER,ABUSE
Frumos invitatat are caracter ! Sa traiasca !,OTHER,OTHER
"RĂZBOIU MINȚii.. se luptă ucraineni cu Rușii pentru teritoriile Românești, Poloneze, Cehe, Ruse și Turcești.. NO@ UCRAINENII ĂȘTIA hEROI TATĂ.. GO RAMBO GOO BRANDON",ABUSE,OTHER
"Oamenii bunii ieșiți în stradă va rog ,este vorba de viata copiilor ,soților, nepoților si tuturor românilor",OTHER,OTHER
"Buna seara domnul Lazarus, mult respect dvs,si domnului Terhes!",OTHER,OTHER
Tinetil bine pe Marica și pe borcea,OTHER,OTHER
La cnn nu ii pasa,OTHER,OTHER
AI JUCAT O CACIALMA GEORGE. AI VÂNDUT APARTAMENTUL ȘI AI CANDIDAT LA GHICI. AI AVUT NOROC. ACUM VREI SĂ SCAPU DE ȘOȘOACĂ ȘI AI SCĂPAT.,ABUSE,OTHER
Cu asta rămâne cu ce ați văzut,OTHER,OTHER
Sandu Ioana Mai sunt arăbeți în România ?,INSULT,OTHER
Ce pr sunt catu si ciolacu,OTHER,INSULT
"Dl avocat,Dancu este un bou globalist, pupincurist cu acte",INSULT,INSULT
Cat e zile sta curva AN Romania,ABUSE,ABUSE
ROEXIT România trebuie să părăsească de urgență grupul terorist capitalist UE !,OTHER,OTHER
Poporul te iubeste,OTHER,OTHER
Rusia si Ukraina sunt ca doi frați....sa-si rezolve treaba intre ei !,OTHER,OTHER
Foarte interesant !Stima !,OTHER,OTHER
Luis bogați lumi joacă Monopolist cu toată lumea,OTHER,OTHER
Noi îl auzim pe dl Chitic,OTHER,OTHER
Îl apară botnita de bășini,OTHER,PROFANITY
"Lasā imperiul otoman,atunci nu a fost Biden hirosima dombas cimitir de copii,pandemie(fals)etc............atātea prosti ce ne vorbeste acest preot doctir prof.istorie.....vai de noi",OTHER,OTHER
Jocul ocultei mondiale vîndutilor,OTHER,OTHER
De ce joacă teatru? Teatru joacă nenorociți care îi susții.Si i-si bate joc de noi.Rusine,INSULT,INSULT
Oamenii care spun adevărul nu prea au audienta......abia dacă face 1000 pe live cu toate ca dam share la greu.....de ce oare???,OTHER,OTHER
"Ooooooo, era culmea să nu -l puneţi pe Chiriac să comenteze, poate vine şi Vişan.",OTHER,OTHER
Minciuni România rușine,OTHER,OTHER
luării pe acel gunoi ce morti lui vre sa o puna uniu popor român dările de o parte,ABUSE,ABUSE
Baaaa voi ați înnebunit cu toții?voi nici nu ar trebui să pomeniți despre război? De ce Germania nu vorbește despre acest război?,OTHER,OTHER
Felicitări !Să ieși cu toți in strada. .....asta merită nenorociți care ne conduc!,INSULT,INSULT
"Nu mau pot asculta,mai ales cā urlā",OTHER,OTHER
Gabryel Soryn Eu i-ti pun o intrebare?Stie mata ca esti prost?,INSULT,INSULT
Vor ieși la marele concert mare de pe stadion pe 12 martie,OTHER,OTHER
România nu mai trebuie sa exporte nimic pentru a ajuta populatia,OTHER,OTHER
Dar nu a atacat Putin!,OTHER,OTHER
"Sa nu apucati ziua de maine... Spurcacini ,tradatori... Mania lui Dumnezeu asupra VOASTRA. Trasni-v-ar Dumnezeu de corupti...tradatori.",ABUSE,ABUSE
Baii.datine.arme.in.mina.ca.va.ucidemm.criminalilor.bastarzi.nenorociti.,INSULT,ABUSE
Marius Romila criminal este Johanis !!! Cretinule !,INSULT,INSULT
Iohanis se caca la propriu pe el de frica. De frica poporului de frica AUR. 2,INSULT,INSULT
Imaginativă dacă acești nenorociți ar fi avut bombe nucleare!,INSULT,INSULT
Dar cine e vinovat? Dacă ai conștiința refuzi sa faci un rău miilor de oameni! Deci nu e nevinovat!,OTHER,OTHER
Marș în rusia bolșevic nou ce ești !,ABUSE,ABUSE
Domnule Terhes am avut cu totul alta impresie despre dv dar mati dezamăgit profund din partea mea ai un mare blokkk și nu vreau sa va mai ascult evar,OTHER,OTHER
Mare ....mare adevăr ! Respect !,OTHER,OTHER
Mars fa deraiatooo,INSULT,INSULT
"Sunt cei înțelepți în piață, să ajungi înțelept, trebuie să fi tânăr!",OTHER,OTHER
Acest live trebuie încheiat... Urgent! Jegul ăsta de Terheș..este un sclav vândut!,ABUSE,ABUSE
Vrem neutralitate! Nu vrem razboi!,OTHER,OTHER
Dâncu’le nici limba ta nu o știi citii se pare…,ABUSE,OTHER
Buna seara! Ati demonstrat cu probe totul asa vati cistigat iubirea si respectul rominilor! Respect!,OTHER,OTHER
Felicitări George Simion!,OTHER,OTHER
Mars afara scarba daca nu iti convine de ce te uiti esti spion pe aici,INSULT,ABUSE
Vai ce popor prost asa ceva nu a avut România Rrosti rău,INSULT,INSULT
Recomand tinerilor între 20 și 35 sa întoarcă curu guvernului criminal și sa nu participe la nimic legat de stat parazitat de evrei.,OTHER,PROFANITY
Are perfecta dreptate.asai,OTHER,OTHER
"Mai,,da'destept ma esti Valeuuuuu.",INSULT,INSULT
George tre sa iesim din nato astia fac razboaie din 50 incoace! noi nu vrem razboaie,OTHER,OTHER
"A venit să dea ordinele la slugi, adică ăștia de ne conduc. Suntem câteva milioane de rezerviști, care, abia așteptăm să ne înarmeze. Au curaj?!",OTHER,ABUSE
"N avem clasa politica ,asta i adevarul",OTHER,OTHER
Etraom ministerului apararii nationale !!!!! Mooie !!!!,ABUSE,ABUSE
Morcovul e la kiev,OTHER,OTHER
Dacă președintele nostru accepta sa trimită avioane suntem pierduți,OTHER,OTHER
Nu-l auzim bine pe domnul Chitic,OTHER,OTHER
Respect maxim pt cei prezenți!,OTHER,OTHER
Ghioc Gabriel Nicușor marsss,INSULT,INSULT
Chiriac in ce tara fugi cand vine razboiu te duci dupa nils ca si ala e tot spion transmite din madrid,OTHER,OTHER
Unde este AUR??,OTHER,OTHER
RESPECT Dan Chitic !!!,OTHER,OTHER
Ceaușescu nu a pățit nimic fata de ce vor păți astea și se va destramă și uniunea lor de criminali uni vor ajunge in pușcării,OTHER,OTHER
Jandarmii dece mai poate măști jegoși ordinari,ABUSE,ABUSE
Ciutacu ai ajuns la fel ca Gadea! Javra!,ABUSE,ABUSE
Autobuze gratuite pentru exportu ucrainenilor nu cred,OTHER,OTHER
De prosti ce sîntem...,INSULT,INSULT
Vine Valul... 6,OTHER,OTHER
În România nu se poate că sunt prea mulți papagali,INSULT,INSULT
Tratatu i facut sa fie incalcat..e regula in caz de razboi,OTHER,OTHER
"Pastorul americanofil care face opozitie controlata... se da cu noi, dar de fapt ne mână în gura lupului. El ia lumina de la stapanii sai, dar o arde ca e anti-vaccinist.",OTHER,OTHER
Gunoaiele lumii.,ABUSE,ABUSE
"IOHANIS E UN GUNOI ......nui președinte, sa plece unde vede cu ochii . ....pana mai poate",ABUSE,ABUSE
Maria Cristogel adevărat! HAI SICTIR DE USR-IST,INSULT,INSULT
PROSTI SINT DECAND SAU NASCU ROMANUL CAND SE VA TREZI...E GREU!,INSULT,INSULT
Noi vrem pace nu război suntem o țară pașnică care an fost numai pentru pace,OTHER,OTHER
ce oameni idioti ..asta este facebook .. duceti va si mai cumparati motorina idiotilor,INSULT,INSULT
Terhes ne ia de prosti !,INSULT,OTHER
Naționalism este ce faci tu să stai în pat și să râzi ca.... Nu ți-ar fi rușine!!!,OTHER,OTHER
Doamne ferește ce pot vedea aici oameni pe care ai dezbracă a-și bat joc de ei,OTHER,OTHER
Stim Aureliane. De-aia nu credem nici pe unii nici pe ceilalti,OTHER,OTHER
"Stefan Alina maaata, sunt gen masculin prostule",INSULT,ABUSE
"E un film pe Netflix creat inainte,e cum de dracu stiau asta",PROFANITY,PROFANITY
Romini sa nu se bage ca murim toți ca prosti sintem singuri,INSULT,INSULT
"Asta e,avem proști la ,,nivelii,, înalte.",INSULT,INSULT
Bravo patrioata noastră,OTHER,OTHER
Gheorghe Moldovan invers!!!,OTHER,OTHER
Johanis Hitler ne trimite copii noștri la război și el se pitula in buncăr futui rasa lui de criminal,ABUSE,ABUSE
"Atunci de ce dr,,, nu ne impusca sa ne omoare directtttt",OTHER,PROFANITY
Cei din Bucuresti mai au si creier nu merg cu urlatoarea,OTHER,OTHER
Se aude foarte bine,OTHER,OTHER
Duvă dracu de jigodiii,ABUSE,ABUSE
Te-a trimis Șoror cu sorcova ... Bați câmpii,OTHER,OTHER
Duci lumea în deruta,OTHER,OTHER
DUPA CE E PROST ROMANUL E SI CU RAHATUL LA CUR...,INSULT,INSULT
Ce dracu nu avem ce cauta acolo ce I care vorbesc fără cap nebuni,PROFANITY,PROFANITY
Băsescu pe unde e,OTHER,OTHER
"Mda uni au voie sa faca aliante alti nu au voie,lasa ca si Americani acelas cacat au mestecat",INSULT,INSULT
Alt jeg a găsit vinovați la preturi,OTHER,ABUSE
Daţi joe jigosu,OTHER,ABUSE
DOAMNE AJUTA ROMANIA,OTHER,OTHER
DOAMNE AJUTA. FELICITARI DOAMNA SENATOR DIANA SOSOACA,OTHER,OTHER
Afirmația asta e făcută în acel context,OTHER,OTHER
Stați măi cu limbile scoase acum. Luati-o la lins!,ABUSE,ABUSE
Aoleu. Aia doi se iau la bataie,OTHER,OTHER
Regina TOMIRIS este prezenta azi alături de dumneavoastră în aceste momente !,OTHER,OTHER
Santem curva lui SUA,ABUSE,ABUSE
Respect Dan Chitic!,OTHER,OTHER
L.ai descris perfect pe Zelensky.,OTHER,OTHER
Nebun fără acte,OTHER,OTHER
Cît...mănînci sau te au platit din nou,OTHER,OTHER
Dar ce numere Arafat Iohannis și priministru la război să facă ele fost în război că sunt bogată deja a ieșit dincovici acum ai fost director război,OTHER,OTHER
Iar manipulati populatia bai dobitocilor ?,INSULT,INSULT
"Soțul meu este handicapat , de ce ia tăiat pensia de handicapat , ști Simion de ce ?",INSULT,OTHER
Iau apucat criza pe psihopații care ne conduc la balamuc cu ei,ABUSE,ABUSE
Securea sau părul firatai dracu de hoti,ABUSE,ABUSE
Asta zici ca e ion Bețivu,INSULT,OTHER
"Satana ia votat dar eu nu ,feliicitari d-na Diana Iovanovici-Șoșoacă, La multi ani ,respect!",OTHER,PROFANITY
Cine dracu is alcolistii astia ?:))),PROFANITY,PROFANITY
Văi de noi ! Nu e corect !,OTHER,OTHER
Jegurile de americani finanțau două laboratoare biologice în Ucraina iar pt asta tot Putin este de vină,ABUSE,ABUSE
Aduceti niste comedianti asteia ii place sa rada,OTHER,OTHER
Credibilitate 0,OTHER,OTHER
Ioana Chirieci sunt doar un om..sunt aici sq învăț din greșeli..am greșit îmi asum și merg inainte..învăț din greșeli,OTHER,OTHER
Asa raniti se vopsesc,INSULT,OTHER
Felicitări domnul George Simion! Cu Dumnezeu înainte până scăpăm de toate lichele care ne conduc.,ABUSE,ABUSE
"Cind s-a făcut scutu ne-am condamnat singuri ca popor, din cauza acestor politruci care i-au pupat în cur pe Americani, stați liniștiți ca nu au grija noastra",INSULT,INSULT
Criminali nu au copii,OTHER,OTHER
Și-a drumul în pantaloni dl Iohanis!,OTHER,ABUSE
"LA MULȚI ANI, DIANA ȘOȘOACĂ ! LA MULȚI ANI TUTUROR DOMNIȘOARELOR ȘI DOAMNELOR !",OTHER,OTHER
Nu s-au strans semnaturile pentru demiterea lui Joha????,OTHER,OTHER
Joha iesi afara si vorbește cu oamenii jegule raportează ce traba are România cu razboiu,ABUSE,ABUSE
Ești și tu o jigodie domnule Chiriac,ABUSE,ABUSE
Nuuuuuuuuu ooooooo vreeeeeeeem .. pleacă acasă în morții mati!!,OTHER,ABUSE
Esti tare în clanta! Și nu faci nimic dar ai salar de senatoare! Latră ca doar esti plătită!,ABUSE,INSULT
Rusia atacă Ucraina deoarece au avut de gând să intre în NATO,OTHER,OTHER
Avenit curva AN tara noastra,ABUSE,ABUSE
NE ȚINEAU IN CASĂ ȘI MONTAU 5G,OTHER,OTHER
Putin presedinte,OTHER,OTHER
"Terhes ocupat cu ajutorul pt ucraina, si noua ne a întors spatele",OTHER,OTHER
"Sunt Popoare marii care au saracit,si acum vor sa distruga populatiile micii cu Resurse de tot genul,ca ei sa poata supravietui.",OTHER,OTHER
Iohanis băgai limba puțin în Chizd@ lui doamna Hery,ABUSE,ABUSE
Nu l mai apară că ia dat peste nas Aurelian și ia zis că se droghează!!!!!,OTHER,OTHER
"Care ziceați că nu e Vișan ? Io-te că apăru ! Schimb canalul, că e vomitivă emisiunea !",OTHER,OTHER
"Vai de voi!!!Sunteți jalnici, halal presă!!Sunteți pișati pe voi de atâtea emoții!!!",INSULT,INSULT
Iohannis cere sprijin pentru a distruge țară cu totul și ca delicventii sa fie lăsați sa fure,OTHER,OTHER
Băgațivă mințile în cap nu aduceții războiul la noi în țară de ce la noii?,OTHER,OTHER
SA DECIS .ROMANUL E KKT PE EL,INSULT,INSULT
Cei care au pus steagul Ucrainei fără steagul României ar trebui să-și dea demisia.,OTHER,OTHER
"Cand scapa bombele biologice si armele nucleare vor fi puse in aplicare, la revedere viata normala pe Terra",OTHER,OTHER
Dar sunt adevărați porci acești jandarmi dar cu poporul nu va puneți nesimțiților care i apărați pe hoți!! Nu au voie sa deranjeze miținvul căci furia romanilor clocotește domnilor!,INSULT,INSULT
Mars ma in mortii matii de jeg,ABUSE,ABUSE
In curând o sa ne trezim intr-o dictatură!!,OTHER,OTHER
Bravo ești un om de a lui dumnezeu,OTHER,OTHER
Ascultați cu atenție ce spune acest mare patriot! Un român adevărat și curajos în același timp!,OTHER,OTHER
Iar tu ești un handicapat mintal.,INSULT,INSULT
"Eu cred ca nici o mama nu își va da copilu sa meargă pe front,doar dacă ma vor omora pe mine !",OTHER,OTHER
Bine Simion. Tot asa si scăpăm de nenorociti,INSULT,INSULT
"Vor să ne distrugă ,mai ales americanii și evreii",OTHER,OTHER
Hotul de Musulman care face trafic de organe sa plece în pizda mami lui.,ABUSE,ABUSE
Noi avem chiloți rupti in cur dar aducem trupe poate facem un război cu prețul la combustibil și energie,INSULT,INSULT
ACEȘTI UCRAINIENI VOR AVEA DREPT DE VOT,OTHER,OTHER
De vor sa stie ei tott absolut totul despre mine ..chiar si unde ma scarpin,INSULT,OTHER
JOS DICCTORII ROMANIEI!,OTHER,OTHER
Asta mă întreb și eu! Ce o caută să urmărească ceva ce îl deranjează ?!,OTHER,OTHER
Faceți pe dracu voi sunteți buni de taiat frunze la câini,ABUSE,PROFANITY
Ceva nu este în regulă acest război este clar că și Americanii și marile puteri au interese pt că dacă Nigeria ar ataca un stat vecin nimeni nu ar trimite bani și arme acestora,OTHER,OTHER
"Asta e o emisiune tv,tu ești o persoană particulară!",OTHER,OTHER
"Bãã....terminați cu minciunile, cä vine ziua cãnd vã vom strãge de 00 şi de pãsãricã! Marşşş milogilor şi gunoaielor vãndute !",ABUSE,ABUSE
Asta a mâncat ciuperci,OTHER,OTHER
La cat de inteligent bidon normal sa aiba langa el doi prosti,INSULT,INSULT
Bună ziua respect,OTHER,OTHER
Ziua îngropării a României!!!,OTHER,OTHER
Intoarceti masina cu curu n sus,OTHER,PROFANITY
"M-am săturat de gargara asta!. Nimic despre ce implementează Ursula în spatele razboiului , despre QR, recensământ...",OTHER,OTHER
Chiriac e un spion,OTHER,OTHER
"Sintem alături de voi, cu toate ca Sintem departe",OTHER,OTHER
MARȘ LA WC CĂ EȘTI PLINĂ...,ABUSE,INSULT
Acum ar trebui Putin sa dea o bomba... Vandutilorrr,OTHER,OTHER
I Spania la Știri nu se pomenește nimic de refugiații care vin în România..Se vb numai de Polonia și Ungaria..Deci nu existăm..!!!,OTHER,OTHER
"Ia și în armată acuma obligat, numai sa termine din populația României. Că asta vor.",OTHER,OTHER
Jurnaliștii este și tara voastră nimeni nu ne vrea binele copiilor noștri gândițivă,OTHER,OTHER
Ma du-te an pula mea de unde sti tu cei acolo ai fost tu te uiti la televizor Ca Si noi nu mai vb tanpeni,ABUSE,ABUSE
Pai asa e cu Pandemia,OTHER,OTHER
UCRAINA DE FAPT APĂRĂ „ONOAREA” ȘI LABORATOARELE SUA,OTHER,OTHER
Noi nu avem frica de Rusia.Avem frica de nenorociți astea din Uniune si nato.Ca ne distruge tara definitiv.,ABUSE,INSULT
Terminați cu prostiile suntem liberi o murit virusul tradatori,OTHER,OTHER
"Lider de sindicat, ucis!",OTHER,OTHER
Este in coma alcoolica !,OTHER,OTHER
Pe mine nu mau primit la poligon din cauza ca nu sunt vax și nu am carnetul verde...,OTHER,OTHER
Masmedia de cacat,INSULT,INSULT
Jigodii sataniste,ABUSE,ABUSE
de pacalicii astia se vor descotorosi aia care ii finanteaza fiindca se stie ca sunt niste prosti si niste oameni de rahat.,INSULT,INSULT
Ciorile stau pe sârmă nu pe stradă Trimiteți acolo împreună cu Simion,ABUSE,ABUSE
Atâta tam-tam pentru un parazit,INSULT,OTHER
asasinii hitleriști care ne au ingropat morții în saci de plastic vor plăti vre o dată ?,OTHER,ABUSE
România este sluga la UE!,ABUSE,ABUSE
sa zbarlit carnea pe mine au venit americanii,OTHER,OTHER
Nu mai sunt speranțe pentru noi!,OTHER,OTHER
Culcate tu ma gunoierule,ABUSE,ABUSE
Domnul Mihai ce faceți ne faceți lecția de istorie.,OTHER,OTHER
"Simion, mars in mortii matii",INSULT,ABUSE
JOS DICTATURA MILITARĂ !!!!!,OTHER,OTHER
Vrem neutralitate vrem pace,OTHER,OTHER
Da ciuguliți bârzoiu Iohannis și elita lui meargă la război!,ABUSE,ABUSE
"NU ACCEPTAȚI PORTOFELUL DIGITAL, NU ACCEPTAȚI RECESĂMÂNTUL SATANIC",ABUSE,PROFANITY
Buna seara tuturor,OTHER,OTHER
iei sa mearga la Război nu Romani. Noi nu vrem Război,OTHER,OTHER
"Ba vandutilor, FMM DE NENOROCITI",INSULT,ABUSE
doar vor sa scape de ce au facut in plandemie si asta e sansa lor au buncare de lux,ABUSE,OTHER
NOAPTE BUNA GANGTAVICA !,OTHER,OTHER
Ești ales că și SIMION pentru a distruge Romania .nu ești Ortodox,OTHER,OTHER
ROMANIA COTROPITA DE HOTI.. IOHANIS VINDE TOT...,OTHER,OTHER
Jos Iohannis Alianța pentru Unirea Românilor - AUR,OTHER,OTHER
Aramis Nicușor Florin marsss,INSULT,INSULT
La multi ani si Pace si Neutralitate!,OTHER,OTHER
"credeam că e mai bună, gloaba curului",ABUSE,ABUSE
Ioha este santajat cu traficul de copii .,OTHER,OTHER
Intram in urgentă Diana așa a intrat și Italia Ca este război nenorociții,INSULT,INSULT
Cacati va pe sapca lor,ABUSE,PROFANITY
"si uite asa, psd-ul isi arata din nou adevarata fata",OTHER,OTHER
La nunta se trage cu pușcă???,OTHER,OTHER
ma-ta la gunoi!,ABUSE,ABUSE
Suntem in 2022 !,OTHER,OTHER
"La mulți ani Doamna Diana XENNA de România!, fi tare te iubim!",OTHER,OTHER
"D-le Terhes spune cinstit,a cărui agenții americane aparții...???",OTHER,OTHER
"EI ASTA VOR, SA PLECAM, BA SA PLECE EI, JIGODIILE",ABUSE,ABUSE
VĂ SUSȚUNEM CU TOATĂ DRAGOSTEA!!,OTHER,OTHER
Oamenii mor și voi trăiți în trecut!,OTHER,OTHER
Dar c'è bravi cind a omorita americani oameni nu au fost criminali?,OTHER,OTHER
Simion are profesie de ciorditor sef! Tiganiada este in trend!,INSULT,ABUSE
Stan Daniel Voi cum credeti ca a ajuns acolo? Adevaratii patrioti sunt imediat inlaturati.,OTHER,OTHER
"Inflația e la cote maxime și creste în continuu,ptr. asta nu faceți nimic,e sfârșitul lumii,nimeni nu mai judeca?",OTHER,OTHER
Săracu' Luis. Nu-i vine sa creadă ce audiență are E mai tăcut astă seară. E Joe Rogan. In acest moment sunt 2775 de privitori...cum îi plăcea lui să spună...sunt 7 mii de spectatori acum,OTHER,OTHER
Ucraina e aparata de nazisti,ABUSE,ABUSE
"Lazarus întreabă l pe George dacă nu -l lasă Ciuca sa facă spital,nu poate să si facă o televiziune....ca o sa aibă o audiență maximă. Seara bună.",OTHER,OTHER
De ce nu raspunzi iohanis vezi tara cât strigă? Jos porcilor din guvern,INSULT,INSULT
Mare respect pt tine d-na Diana de adevarat,OTHER,OTHER
Elena Dobre sunt convinsă,OTHER,OTHER
Ce spune biblia astazi se antanpla,OTHER,OTHER
"Pentru gunoaiele tradatoare de la conducerea României, POPORUL ROMAN VREA PACE! NU NE BAGATI GUNOAIELOR INTR-UN RAZBOI CARE NU E AL NOSTRU!",ABUSE,ABUSE
Cu respect doamna Diana icoanele nu fac minuni Dumnezeu face minuni! El e suveran! Domnul cu tine!,OTHER,OTHER
Se duce la prost,INSULT,INSULT
Atât vb omul asta farra rost,ABUSE,OTHER
Doi handicapați,INSULT,INSULT
Și tu a 4 dobitoaca schimbă dracului canalul dacă nu-ți convine,ABUSE,INSULT
Rusia va avea graniță cu Germania! NATO=URSS! Vestul europei va fi vândută de SUA pe gaze și petrol de la ruși! Totul nu este decât joc de glezne ale dinților!,OTHER,OTHER
Na sal ia dracu pe Putin,ABUSE,ABUSE
TERHES NE CREDE PROȘTI,INSULT,OTHER
Suntem aici pentru Tine,OTHER,OTHER
Ro să se gândească la propriu l popor,OTHER,OTHER
Eu l as alege pe Zelenski,OTHER,OTHER
Kamala iai adus lui Verner ceva ???? Sapca are .... Poate o caciula cai cam frig an SINERIA .... Huooo huooo VREM PACE PACE PACE ..!!!!!,OTHER,OTHER
Bravo Doamna Diana,OTHER,OTHER
"Zelenski e o marioneta, e clar cine e in spate, dar adta isi sacrifica tara si o va distruge",OTHER,OTHER
PUTIN face parte din ALIANTA TERRA,OTHER,OTHER
"Părinte , bați câmpii cu grație!",OTHER,OTHER
Sper sa il invitati si pe Domnul Primo Laurentiu! Chiar aveam ce asculta atunci,OTHER,OTHER
America este cu noi... dar nu este vecina cu noi!,OTHER,OTHER
"Bai elevatule care esti, sa stii ca ne plictisești cu discursul tau pompos si lipsit de actualitate.",INSULT,INSULT
La mulți ani doamna senatoare multă sănătate,OTHER,OTHER
"LUIS LAZARUS ȘI GEORGE SIMION, CE ZICEȚI DE ACEST SUSPECT RECENSĂMÂNT??????",OTHER,OTHER
Care armată muie NATO?!,OTHER,ABUSE
unde e arahat cu izoleta?))),INSULT,INSULT
"Nu m-am uitat Luis...câte vizualizări ,pe care le vânezi,ai avut cu gunoiul de Simion?",ABUSE,ABUSE
Vrem și bună intelegere cu toții vecinii,OTHER,OTHER
Pai ce mai cazan... sua da explicatii cuiva pentru laboratoarele din ucraina,OTHER,OTHER
Stefan Alina tu cu mă-ta,ABUSE,ABUSE
Bravo felicitări f bine,OTHER,OTHER
Putin a făcut cel mai bun lucru pe planeta umane a dezertat covidul din România.,OTHER,OTHER
Este foarte sigur ca o sa cheme diaspora sa lupte cu rusii,OTHER,OTHER
Felicitări!Doamne ajută-ne.,OTHER,OTHER
"Vom fi penaliza drastic ca nu sa pus covor rosu,pt o femei asa eleganta,eleganta si parfumata",OTHER,OTHER
Pai taiati dracu din pensiile speciale... Sa bagati acei bani in reparatii s au cumparate altele noi... Ce dracu vorbim?,PROFANITY,PROFANITY
Sa va fut in gura uraaa,ABUSE,ABUSE
Asta de unde ii ca tot uit,OTHER,OTHER
Sa îmi bag pula cum adică iar asa fie pandemie,PROFANITY,PROFANITY
Bravooooo George nu vă lăsați intimidați de derbedei din jandarmerie și poliție. Vrem capul lui Iohannis și al acoliților lui.,INSULT,INSULT
AM FANTANA IN CURTE SI OILE IN GRADINA,OTHER,OTHER
ASA ESTE ASA S-A FACUT ! AMIN !,OTHER,OTHER
Se blocheaza ca naiba,INSULT,OTHER
Nu il mai criticati a ramas fara inspiratie .a dat checks.daca vera postul lui Diana .acum nu mai are de la cine sa inspire.,OTHER,OTHER
NATO A OMORÂT ȘI OMOARĂ OAMENI MEREU VĂ FACE ASTA,OTHER,OTHER
Se presupune că erau cazați mercenarii lui Zelenschi.,OTHER,OTHER
"BAI GUNOIULE RETARDATULE DACA MAI INDRAZNESTI SA O JIGNESTI PE DOAMNA DIANA ,AI PROBLEME CU MINE !",ABUSE,ABUSE
Se intrerupe mereu securistul iti s.p sigur john new york,OTHER,ABUSE
Gabryel Soryn esti prost si troll,INSULT,INSULT
"ce dragut, daca uit parola ma ajuta uie sa fiu logat for ever",OTHER,OTHER
"JOS HOTII DIN GUVERN SOBOLANII CARE NE MANANCA BANII,AIA DIN PARLAMENT ,CARE STAU LA CALDURICAAA",ABUSE,INSULT
E divers oameni se împușcă de 7 ani acolo și dialogul era deja terminat,OTHER,OTHER
Bețivă ești tu cu mă-ta !,ABUSE,ABUSE
"Unii sunteți atâta de inculți ce scrieți pe aici , sau sunteți pleava România !!!",ABUSE,ABUSE
"Pofta buna!! daca esti prost de mic, cand esti mare doar te joci",INSULT,INSULT
Iohanis il apara pe Arahat,INSULT,INSULT
"Ferekiu cel mai mare rahat un kăkăcios , eu vreau să vin la armată , să merg la război săi apar ..........",INSULT,INSULT
Domnul Terhes este un politician de dat ca exemplu.,OTHER,OTHER
"Băi văsîle ce nume de lache ai măi bulan,lătrarai după tot neamu tău.",ABUSE,INSULT
Chiriac asta pe ce lume trăiește !!!,INSULT,OTHER
repede sa zici ceva inainte ... sa pleci ... zi ba neamtule de fermele de copii din ucraina! de alea nu zici?!,ABUSE,OTHER
Terhes nu te mai lua de Rusi frustatule,INSULT,INSULT
"Vedeti un adevar istoric pe dosarul zilei cu Prof Gica Manole ""razboiul din care nimeni nu invata nimic"".",OTHER,OTHER
"Adevărat Dl.Terheș, noi suntem tâmpiți",INSULT,INSULT
Noapte binecuvîntată,OTHER,OTHER
"Terheş Team crezut Om mare şi Vertical!dar ai schimbat Tabãra cu criminali bil,fauci,Biden,ursula etc etc etc.",OTHER,OTHER
Luis sțai și tu cu ochii in jos când vorbește el.,OTHER,OTHER
Cu asa lume proasta nu mai dam noi înainte.,INSULT,INSULT
Nu mai lătrați ne-am lămurit,OTHER,INSULT
Cică de ce sa deschidem Cutia Pandorei....auzi la el,OTHER,OTHER
L-am deconspirat astă seară. E mai rău decât Kovesi. Consideră averea mare ca fiind ilicită,OTHER,OTHER
E problema cu ce ne transmite,OTHER,OTHER
ZELENSKI un criminal care trebuie judecat,OTHER,OTHER
dl.Lazarus eu va declar paranoic.,OTHER,OTHER
"Bă lasă-ne cu caterinca ta că ați dat trandafiri ,!! Nu vă m-ai bateți joc de noi ROMÂNII CA AȚI AȚI SLUGOII AKTORA DIN AFARĂ ,! VOI VA NUMITI PATRIOȚI DE NEAM DE ȚARĂ .!!!?????",ABUSE,ABUSE
Vrem pace și neutralitatea României !,OTHER,OTHER
Cizmar ala a avut mai multa minte ca și toți papagalii la conducere România a avut oameni de valoare în conducerea României nu nepotisme curve pinioance .,ABUSE,ABUSE
",, În contextul în care Putin este un criminal, toți președinții americani de pana acum sunt criminali !! "" Cozmin Gușă",OTHER,OTHER
"Kabala mondială, JEFUITORII POPOARELOR.",OTHER,OTHER
"De ce morti lor numai vorbesc de covid si spitalizari ,au primit bani sa sperie Romania cu razboiu si Putin",OTHER,PROFANITY
Poate vă face o surpriză Să coboare Putin,OTHER,OTHER
Gunoaie penibile,ABUSE,ABUSE
Are un deget în fund,OTHER,OTHER
"Aoooleu, ce prost și infumurat ești Lazarus! Du-te bre,miroase-i chiloții lui Cioaca și caut-o pe Elodia! Nici nu respiri când vorbește omul ăsta că ți-a luat maul!-",INSULT,INSULT
Dacă nu știai mihai Neamțu și în România democratică așa cum e sa băgat o lege acum azi,OTHER,OTHER
Cristianeee....ce razboi ? Ce a zis Domnul ? Cine ridica sabia...ce se intampla cu el ?,OTHER,OTHER
"Nu te uita,închide repede ca dăunează ptr tine",OTHER,OTHER
De ce morți masi a venit javra aia de HARIS ce vrea sa ne mai ceara?,ABUSE,ABUSE
Bă ... eram cu tine... cred că te-ai drogat ...nu ești să ătos.. tu cu cine plm ești ?,ABUSE,PROFANITY
"Fratilor au crescut preturile la tot ,,, handicatilor care ne conduc din vrăjeală",INSULT,INSULT
Huuuuuuu tuvan gura,OTHER,ABUSE
Esti prea mica sa vorbesti de Ceausescu.,OTHER,OTHER
Da-ti si tu chilotii jos sa facem cort pentru refugiati,OTHER,ABUSE
Cine este cel ce a propus proiectul asta????,OTHER,OTHER
Buna seara! Va respect si admir! Va multumesc ptr informatii bune reale ptr tot ce faceti! Respect! Sunteti omul potrivit sa conducetivRominia!,OTHER,OTHER
"Si eu stiu in Italia multi care au probleme cu inima dupa vaccin ,ca sa nu mai vorbim de morti tineri",OTHER,OTHER
sunt din baltiRM,INSULT,OTHER
Mass-media buba neagră a societăților?,OTHER,OTHER
",, În contextul actual Putin este criminal, toți președinții americani de pana acum sunt criminali "" Cozmin Gușă",OTHER,OTHER
ROMÎNIA TREZEȘTETE. SĂ DĂRÎMĂM GUVERNUL URGENT. CĂÇI VREA DICTATURĂ MILITARĂ.,OTHER,OTHER
Pedant si arogant...,OTHER,OTHER
"Dumnezeu este și va rămâne veșnic ,plin de dragoste și milostivire",OTHER,OTHER
Marș in pula mea de bulangiu....iar o sugi lui jelinski????,ABUSE,ABUSE
Te uiți cât ești de prost TERHEȘ,INSULT,INSULT
Mai lasatine dracu ca. Neati omorat,ABUSE,PROFANITY
Au ei o sparla cu petrol din țară îl vor da și pe ala ca să ne spună să avem prețuri bune la benzină,OTHER,OTHER
Am facut si EU LA PTPAP,OTHER,OTHER
"Dragă Luis, întreabă-l te rog pe Dan Chitic ce putem face în legătură cu recensămîntul. Mulțumesc",OTHER,OTHER
Lazarus om bun care te am cunoscut nu te mai necaji pt niste prosti ca nu ti trece nimeni nici prin fata la cit este tu de destept,INSULT,INSULT
O tara de dobitoci care suporta criminalii de la putere,INSULT,INSULT
Ce vedem noi acuma este un lunetist pregatit sa doboare o Kamila,OTHER,OTHER
"Nebun,si prost esti tu .",INSULT,INSULT
Bravo ooooo Doamna Diana,OTHER,OTHER
Acum toata lumea da vina pe razboi....dar cand dracu a fost bine in tara asta .. .?,PROFANITY,PROFANITY
DECE NU A VENIT DE PASTI DECE TOCMAI AN ACEST MOMENT SPER SA FIE ANTRUN CEAS BUN ACEASTE VIZITA,OTHER,OTHER
Andrei-andrei Ionescu Are dreptate în tot ceea ce spune! Sunten niște viermi!,INSULT,ABUSE
În Rusia putem merge cu pașaportul dar în SUA doar cu viza!,OTHER,OTHER
"Ehei, bună întrebare!!! Mare dezamăgire!!",OTHER,OTHER
"Bună seara, respect domnilor Terhes si Lazarus!",OTHER,OTHER
Statul sa stea pe cwrul lui!,OTHER,PROFANITY
Da cine o mananca de este atata lume in jurul ei,OTHER,OTHER
pai eu vad un steag albastru galben,OTHER,OTHER
Pai el trăiește bine mna măcar nu se da lovit,OTHER,OTHER
Trebuie sa fi Prost sau tembel sa o votezi pe o nemernicia cum e chiovesii,INSULT,INSULT
"Brava, jos botnita",OTHER,OTHER
Bună seara dragilor !,OTHER,OTHER
Stati in case fraierilor..ca pe voi va ia la ciuruit..nu pe noi....injuratio pe femeia asta ..care isi raceste gura degeaba....stati ..ca o sa aibe cine sa va planga..,INSULT,INSULT
Sigur America este cu tine!!! De ce draku nu plecați din țara asta?,OTHER,PROFANITY
Bă ții cu oligarhii dute dracu în America jegule,ABUSE,ABUSE
Terminat i cu amenințările neati îmbolnăvit psihic ce dracu tot vă bilbiiti atît,ABUSE,PROFANITY
Am ajuns stimate domn mai rau decit pe timpul lui Ceausecu Din toate punctele de vedera,OTHER,OTHER
Rușine niște slugi,ABUSE,ABUSE
Bravo domnul Toba,OTHER,OTHER
Întâlnirea dracilor ...o dovada în plus ca România sa dus dracu cu totul...Chiriac tu nu mai ai oricum mult de trăit...fosila proastă,ABUSE,ABUSE
Mars tu crizato,INSULT,INSULT
Uni la cozi le benzinarii alti pe la proteste ! Ba altceva mai stiti ???????? Duceti va ma acasa ba ca inghetati drc de frig lasati pe nebunu ala de george sa faca mitinguri de unu singur,INSULT,PROFANITY
ASASINI ECONOMICI !!,OTHER,OTHER
Futuvă ruși în gît de jandarmii pulii,ABUSE,ABUSE
Somn usor orbule,INSULT,OTHER
Respect magistrat Angelo Giorgiani..,OTHER,OTHER
"Ce romanca eşti tu mă..te esti cu ruşii, marş acolo!",ABUSE,INSULT
Am colegi Ucrainieni care pot confirma asta,OTHER,OTHER
Asa de proasta esti chiar nu vezi realitatea ?,INSULT,INSULT
mă piș pe tine graso,INSULT,INSULT
Este EVREU ...Mulți REFUGIATI DORESC sa Ajungă în IERUSALEM ..,OTHER,OTHER
Vai de steaua voastra.,OTHER,ABUSE
"Cat ai vrea sa pari autostiutor si echidistant tot cu Putin o dai.Nu prea înțelegi ce înseamnă sa înveți din greșeli,crezi ca Putin te apăra.",OTHER,OTHER
Noi. Sintem. Neutri. Nu. Avem. Ce. Cauta. În. Acest. Conflict.,OTHER,OTHER
Distribuim masiv!¡!,OTHER,OTHER
"Dl.Terhes , care e motivul pt care ii pupati in cur pe americani ? Nu au facut decat dezastru pe unde au intrat !",INSULT,INSULT
"De cand am vazut filmuletul cu ce au pătimit acesti rusi din Ukraina in 2014, mi se face greață de acesti “eroi”, nu ma refer la refugiații femei si copii",OTHER,OTHER
Îl dăm pe iohanis Jos și arătat și pe tâlhari hoți și criminali de la putere????,INSULT,OTHER
"Si de America , se va alege prafu'. ..asta o sa se intample mai mult ca sigur.",OTHER,OTHER
Cine ne a sărăcit???,OTHER,OTHER
"Copii noștri NU sunt cobaii nimănui ,venim peste voi lichelelor .O sa dispăreți și voi și americanii de pe pământul nostru românesc",ABUSE,ABUSE
"Va doresc o zi frumoasa , Doamna senator Diana Ivanovici Sosoaca .",OTHER,OTHER
"Adevărul triumfa și sănătate multa vă doresc, din suflet",OTHER,OTHER
Xute dracu mă de prost ești sluga la americani,ABUSE,ABUSE
Sa inceapa razboiul ca asa va sterpim . Si voi presa ati manipulat oameni ducetiva dracu . Sa Imi dea armament in mana,ABUSE,ABUSE
Offf de ati adus curva AN Romania vine o jaleeee mare AN Romania,ABUSE,ABUSE
"Si-a facut lectia pro America, Terhes...",OTHER,OTHER
COMPLIMENTI LUIS PENTRU EMISIUNE,OTHER,OTHER
Numai are grai d nul Terhes,OTHER,OTHER
Pace fără amestecul în alte state,OTHER,OTHER
Se duc să vadă un film despre Vietnam sau Afganistan.....nu????,OTHER,OTHER
Pe cine păzește poliția și jandarmeria ? Sunt niste căcați ci ochi,INSULT,INSULT
Caracatita globalista nu permite.,ABUSE,OTHER
Hotule demisiea,INSULT,OTHER
"Ba voi nu vă dați seama ce vreți să faceți eu va zic un lucru toți se vor întoarce cu armele în potriva voastră ,",OTHER,OTHER
Fă mișto fututi familia în gură cu americani tai care au nenorociți multe state iar acum vor să ne neroceasca și pe noi,ABUSE,ABUSE
"Este un război "" aranjat "" ! V-am apreciat f mult d-le Terhes dar de această dată nu ne mai spuneți nimic despre dedesubturile acestui "" război trucat ""!",OTHER,OTHER
"Războiul rece din 2020 pana în 2027, asa ca joc de glezna",OTHER,OTHER
Unde sunt cei de la aur...acei ce spun ca wunt patrioti,OTHER,OTHER
Jos cu gunoaiele,ABUSE,ABUSE
Eu nu va cred . Voi santeti americani . Ce a făcut zelenski în 2020 a interzis romana în Ucraina . Satele Cernăuți etc căutați dracu istorie,OTHER,PROFANITY
Mă piș pe DINCU,INSULT,INSULT
Sânt mândră că locuiesc în oraș cu Răzvan Constantinescu!,OTHER,OTHER
Minciuna ce se spune .... rusine sa va,OTHER,OTHER
Mai terminați cu Ucraina HU,OTHER,OTHER
Întrebați și poporul dacă e de acord,OTHER,OTHER
Ciutacule nu îl pupai tu in cur pe rafila,INSULT,INSULT
Un jeg un mafiot aur,ABUSE,ABUSE
"A inceput cu experimentul Milgram , au continuat cu Fereastra Overton si au ajuns la sindromul Stocolm !!! .......Asa se manifesta omul fara de Dumnezeu ! Victima proasta si imbecila !!!",OTHER,INSULT
"Cu tot respectul domnule Luis, dar invitatul de azi( Neamțu) nu le are...generalizeaza,sau mai bine zis , discutii fara cap si coada exact ca si politicienii inainte de alegeri....",OTHER,OTHER
Și trupele naziste Azov au ucis mulți copii !!! Știe dnul Neamțu ???,OTHER,OTHER
Se intrerupe live-ul!,OTHER,OTHER
Si un dement avortat ca tine,INSULT,ABUSE
PACE! PACE! PACE!,OTHER,OTHER
Ai dreptate Marta ?,OTHER,OTHER
"Eu vă respect pe amândoi dar ceeia ce zice d- nul Terheş nu pre cred, ruşi nu vrea NATO la frontiera lui, nicidecum vrea România deja mulsă şi vândută...",OTHER,OTHER
Ești un BOU MARE!!!,INSULT,INSULT
SA VA FIE RUSINE SUNTETI PARTINITORI...UCRAINA VA PIERDE SI ZELENSKI ISI SACRIFICA POPORUL ..AMERICA ESTE UN STAT CRIMINAL SI NOI SUNTEM SCLAVII LOR,OTHER,ABUSE
"Constantin Gheorghe In medicină a început de anul trecut, vaccinează ca să facă bani cât mai mulți mie ìmi pare sincer rău ca le-am făcut de aceea vă spun nu vă vaccinați",OTHER,OTHER
Costică Costică am ieșit si am protestat si atunci si o fac si acum,OTHER,OTHER
Nu va mai etalati prostia,INSULT,INSULT
Guvern de cacat,INSULT,INSULT
Voi ăștia care lătrați la tv văd că vă pricepeți la razboi mergeți în Ucraina cu arma în mână și la razboi cu voi,INSULT,INSULT
"Jeg Constantinescu,mare jeg!",ABUSE,ABUSE
Jigodile jos astazi,ABUSE,ABUSE
"Comentarii răutăcioase,le este frică de AUR.",OTHER,OTHER
"George Belibou Salutari, Gigi !",OTHER,OTHER
George Simón te aprecien si te iubin,OTHER,OTHER
Bideu nu e capabil de o discutie cu nimeni. E mai putin decat o marioneta.,ABUSE,INSULT
Globalista satanista,ABUSE,ABUSE
URAAAAAAAAA URAAAAAAAAA URAAAAAAAAA URAAAAAAAAAAA URAAAAAAAA URAAAAAAAAAA,OTHER,OTHER
Doamne ajută ne să fie Pace!!!!!,OTHER,OTHER
Romania vrea neutralitate,OTHER,OTHER
Dacă nați putut sa omorâți oameni cu vacinu au băgați an război nenorociților,INSULT,INSULT
La multi ani tuturor femeilor si mameler,OTHER,OTHER
Identitate digital. Control absolut. Eliminarea banilor cash.,OTHER,OTHER
"Oligarhii ucrainieni au fost primii care au fugit. ZELENSKY un actoras, care a dansat cu penisul pe un pian",OTHER,OTHER
Felicitări Lazariuc !,OTHER,OTHER
Va felicit pentru darunita dumneavoastra,OTHER,OTHER
"Se zice de 1 an ca o sa fie Codruța, ca in cazul lui Johanis",OTHER,OTHER
MA OAMENI VORBITI DE POMANA SCOATETI NAIBI OAMENI IN STRADA DATI PE FATA CE ASCUNDETI DE FRICA SI SPUNETI ADEVARUL CRUD SA DOARA PE FIECAREIN PARTE ASA SE VA IESI IN STRADA,ABUSE,PROFANITY
Ooooalele ce de deștepți paicia,INSULT,INSULT
"Asta se si urmareste, va introduce legea martiala pt siguranta cica,nu mai iesi din casa numai ciuruit cu armata Nato straina nu romani,",ABUSE,OTHER
Pregătesc multe aceste jeguri mafiote .. Arafat și iohanis cu guvernul lui de trădători … trădători de neam și țara toți și poporul accepta tot stau in case,ABUSE,ABUSE
Opriți ajutoarele cu Ucraina k Zelensky a vrut asta ptr poporului lui sa facă ce vrea. Oricum e un păpușar vândut și pus la înaintare ptr alte interese,OTHER,OTHER
Va mânca ăn cur vine razboiul pe voi,ABUSE,PROFANITY
au blokat tot traficul!,OTHER,OTHER
Nu le place de Isus Hristos,OTHER,OTHER
Nici o stare de criza,OTHER,OTHER
Daca aceasta kamila ar vedea ce scriem noi despre ea nea-r bombarda primi inainte sa vina Putin,OTHER,OTHER
"PARINTE ARSENIE BOCA DACĂ AI TRECERE LA BUNUL ȘI IUBITUL NOSTRU ISUS HRISTOS, ROAGĂ-L SĂ OCROTEASCĂ ROMÂNIA ȘI PE TOȚI ROMANII.",OTHER,OTHER
Omul plătește pentru o pâine 5lei!Rușineze!,ABUSE,OTHER
Virgil cu Catu ar trebui bagati in cotet in curu gol sa-i violeze un pic porcii,INSULT,ABUSE
AR FI BINE SA I URCAM PE NENOROCITII ASTIA DE LA BUTOANE IN PRIMUL ELICOPTER CUMPARAT SI SA SCAPAM DRACULUI DE EI CA NU SE MAI POATE .,INSULT,INSULT
Du te dracului cu rusofilii tai cu tot. Inviti toti martzafoii rusofili.,ABUSE,ABUSE
Masonii pulii sa va fut în gură gunoaielor,ABUSE,ABUSE
"AJUTAȚI ROMÎNI NOȘTRI NECĂJIȚI , CĂ SUNT DESTUI CARE NU AU O PÎINE PE MASĂ LA COPII !",OTHER,OTHER
Doamna Susțin Diana Iovanovici Șoșoacă!,OTHER,OTHER
lazarus ... o emisune si cu chem trails? e mult lume care se plange ca au revenit avioanele mortii ...,OTHER,OTHER
DIANA ŞOŞOACĂ PREŞEDINTE,OTHER,OTHER
De romani nu va pasă,OTHER,OTHER
"Mai bine dati dracu tom si jerry,,ca la asta poate va crede lumea,,",ABUSE,PROFANITY
Gabriel Trifa Mars javra,ABUSE,INSULT
Te ai sucit grasutule,INSULT,OTHER
